Organization Name,Organization Name URL,Categories,Headquarters Location,Description,CB Rank (Company),Total Funding Amount
Netflix,https://www.crunchbase.com/organization/netflix,"Consumer Electronics, Digital Entertainment, Video","Los Gatos, California, United States","Netflix is an online platform that enables users to watch TV shows and movies on smart TVs, PCs, Macs, mobiles, tablets, and so on. ",5,"$2,803,735,952"
Lyft,https://www.crunchbase.com/organization/lyft,"Mobile Apps, Peer to Peer, Ride Sharing, Transportation","San Francisco, California, United States",Lyft is an on-demand transportation service in the US.,10,"$4,112,500,000"
Square,https://www.crunchbase.com/organization/square,"Finance, FinTech, Hardware, Mobile, Mobile Payments, Payments, Software","San Francisco, California, United States",Square is a merchant services aggregator and mobile payment company that aims to simplify commerce through technology.,21,"$590,500,000"
Microsoft,https://www.crunchbase.com/organization/microsoft,"Cloud Computing, Collaboration, Developer Tools, Enterprise Software, Operating Systems","Redmond, Washington, United States","Microsoft is a software corporation that develops, manufactures, licenses, supports, and sells a range of software products and services.",37,"$1,000,000"
Sumo Logic,https://www.crunchbase.com/organization/sumo-logic,"Analytics, Enterprise Software, SaaS","Redwood City, California, United States","Sumo Logic, a log management and analytics service, transforms big data into sources of operations, security and compliance intelligence.",94,"$230,000,000"
Yelp,https://www.crunchbase.com/organization/yelp,"Apps, Customer Service, Mobile, Search Engine","San Francisco, California, United States",Yelp operates an online platform that connects people with local businesses.,136,"$56,000,000"
Cumulus Networks,https://www.crunchbase.com/organization/cumulus-networks,"Cloud Computing, Linux, Web Hosting","Mountain View, California, United States","Cumulus Networks, a software company, designs and sells Linux operating systems for networking hardware.",141,"$129,000,000"
Tigera,https://www.crunchbase.com/organization/tigera,"Cloud Security, Enterprise Software, Network Security, Open Source, Security","San Francisco, California, United States",Tigera provides secure application connectivity for the cloud native world.,153,"$23,000,000"
Atlassian,https://www.crunchbase.com/organization/atlassian,"Collaboration, Developer Tools, Enterprise Software","Sydney, New South Wales, Australia","Atlassian provides collaboration software for teams with products including JIRA, Confluence, HipChat, Bitbucket, and Stash.",161,"$210,000,000"
Pinterest,https://www.crunchbase.com/organization/pinterest,"Social Bookmarking, Social Media, Travel","San Francisco, California, United States",Pinterest is a visual bookmarking tool for saving and discovering creative ideas.,192,"$1,466,100,000"
Pure Storage,https://www.crunchbase.com/organization/pure-storage,"Cloud Computing, Data Storage, Enterprise Software","Mountain View, California, United States",Pure Storage is an all-flash enterprise storage company that enables broad deployment of flash in data centers.,369,"$530,856,468"
Loggly,https://www.crunchbase.com/organization/loggly,"Analytics, Cloud Data Services, Enterprise Software, SaaS","San Francisco, California, United States","Loggly parses your log files, shows you the code in GitHub which caused the log errors. 10,000+ customers, including 1/3 of the Fortune 500.",380,"$47,400,000"
iguazio,https://www.crunchbase.com/organization/iguaz-io,"Analytics, Big Data, Cloud Data Services, Internet of Things, PaaS, Software","Herzliya, Tel Aviv, Israel","iguazio's Continuous Analytics Data Platform has redesigned the data stack to accelerate performance in big data, IoT and cloud-native apps.",402,"$48,000,000"
AppDynamics,https://www.crunchbase.com/organization/appdynamics,"Business Intelligence, Information Services, Information Technology","San Francisco, California, United States",AppDynamics develops application performance management (APM) solutions that deliver problem resolution for highly distributed applications.,405,"$364,500,000"
Snowflake Computing,https://www.crunchbase.com/organization/snowflake-computing,"Analytics, Cloud Data Services, SaaS","San Mateo, California, United States",Snowflake is the only data warehouse built for the cloud.,448,"$473,000,000"
Docker,https://www.crunchbase.com/organization/docker,"Cloud Computing, Enterprise Software, Open Source, SaaS","San Francisco, California, United States","Docker is a platform for distributed applications that allows developers and sysadmins to build, ship, and run distributed applications.",471,"$242,766,694"
New Relic,https://www.crunchbase.com/organization/new-relic,"Analytics, Application Performance Management, Cloud Computing, IT Infrastructure, Mobile, SaaS, Software","San Francisco, California, United States","New Relic is a leading digital intelligence company, delivering full-stack visibility and analytics to enterprises around the world.",486,"$214,500,000"
Mirantis,https://www.crunchbase.com/organization/mirantis,"Big Data, Cloud Computing, Enterprise Software, IaaS, Open Source","Mountain View, California, United States",Mirantis is the pure-play OpenStack company.,516,"$220,000,000"
Big Switch Networks,https://www.crunchbase.com/organization/big-switch-networks,"Data Center, Network Security, Software","Santa Clara, California, United States","Big Switch Networks is the Next-Generation Data Center Networking Company, designing intelligent, agile and flexible networks",521,"$119,500,000"
CircleCI,https://www.crunchbase.com/organization/circle-ci,"Developer Tools, PaaS, Software, Test and Measurement, Web Development","San Francisco, California, United States","CircleCI provides software teams the confidence to build, test, and deploy across numerous platforms.",568,"$59,000,000"
"NodeSource, Inc.",https://www.crunchbase.com/organization/nodesource,"Application Performance Management, Cloud Infrastructure, Cloud Security, Enterprise Software, Open Source, Software","San Francisco, California, United States",Building products focused on Node.js security and performance for the Enterprise.,600,"$33,400,000"
GitHub,https://www.crunchbase.com/organization/github,"Developer Tools, Internet, Project Management, Software","San Francisco, California, United States",GitHub is a web-based Git repository hosting service offering distributed revision control and source code management functionality of Git.,669,"$350,000,000"
Splunk,https://www.crunchbase.com/organization/splunk,"Information Technology, Intelligent Systems, Software","San Francisco, California, United States","Splunk provides operational intelligence software that monitors, reports, and analyzes real-time machine data.",677,"$40,900,000"
Cisco,https://www.crunchbase.com/organization/cisco,"Communications Infrastructure, Enterprise Software, Hardware","San Jose, California, United States","Cisco develops, manufactures, and sells networking hardware, telecommunications equipment, and other high-technology services and products.",705,"$2,500,000"
Mesosphere,https://www.crunchbase.com/organization/mesosphere,"Cloud Computing, Cloud Infrastructure, Data Center Automation, Enterprise Software","San Francisco, California, United States",Mesosphere is a novel cloud operating system that treats your datacenter like one big computer.,748,"$122,250,000"
DigitalOcean,https://www.crunchbase.com/organization/digitalocean,"Cloud Computing, Virtualization, Web Hosting","New York, New York, United States",DigitalOcean is an IaaS company that delivers a seamless way for developers and businesses to deploy and scale any application in the cloud.,752,"$305,405,800"
Amazon,https://www.crunchbase.com/organization/amazon,"Crowdsourcing, Delivery, E-Commerce, Internet, Retail, Software","Seattle, Washington, United States","Amazon.com is an international e-commerce website for consumers, sellers, and content creators.",788,"$108,000,000"
Datadog,https://www.crunchbase.com/organization/datadog,"Analytics, Information Technology, SaaS, Software","New York, New York, United States",Datadog offers a cloud-scale monitoring service.,808,"$147,900,000"
Elastic,https://www.crunchbase.com/organization/elasticsearch,"Cloud Computing, Open Source, Real Time, Search Engine, Software","Mountain View, California, United States","Elastic builds software to make data usable in real time and at scale for search, logging, security, and analytics use cases.",907,"$104,000,000"
MariaDB,https://www.crunchbase.com/organization/mariadb-2,"Database, Enterprise Software, Software, Technical Support","Espoo, Southern Finland, Finland","MariaDB Corporation is the company behind MariaDB, the fastest growing Open Source database.",908,"$98,175,561"
Buddybuild,https://www.crunchbase.com/organization/buddybuild,"Developer Tools, Mobile, Software","Vancouver, British Columbia, Canada",Buddybuild is a Vancouver-based app tools company focused on continuous integration and debugging tools.,924,"$8,800,000"
HashiCorp,https://www.crunchbase.com/organization/hashicorp,"Data Center, Enterprise Software, Virtualization","San Francisco, California, United States","HashiCorp enables organizations to provision, secure, and run any infrastructure for any application.",949,"$74,175,000"
Redis Labs,https://www.crunchbase.com/organization/redis-labs,"Big Data, Cloud Data Services, Enterprise Software, Open Source","Mountain View, California, United States","Redis Labs is the open source home and commercial provider of Redis, a database benchmarked as the world’s fastest.",957,"$86,000,000"
Couchbase,https://www.crunchbase.com/organization/couchbase,"Analytics, Big Data, Enterprise Software, Mobile","Mountain View, California, United States","Couchbase is a NoSQL vendor that develops Couchbase Server, an open-source, NoSQL, document-oriented database.",969,"$146,000,000"
MongoDB,https://www.crunchbase.com/organization/mongodb-inc,"Cloud Computing, Database, Open Source, PaaS","New York, New York, United States",MongoDB is a next-generation database that helps businesses transform their industries by harnessing the power of data.,"1,132","$311,000,000"
Instana,https://www.crunchbase.com/organization/instana,"Analytics, Enterprise Software, Machine Learning","San Francisco, California, United States",Instana is an APM solution that automatically monitors dynamic modern apps.,"1,310","$26,000,000"
AppNeta,https://www.crunchbase.com/organization/appneta,"Cloud Computing, Information Technology, SaaS","Boston, Massachusetts, United States","AppNeta is the only app performance monitoring company with solutions for apps you develop, SaaS apps you use & networks that deliver them.","1,431","$63,177,998"
Huawei Technologies,https://www.crunchbase.com/organization/huawei,"Mobile, Security, Web Hosting, Wireless","Plano, Texas, United States","Huawei Technologies provides infrastructure application software and devices with wireline, wireless, and IP technologies.","1,469",
StreamSets,https://www.crunchbase.com/organization/streamsets,"Analytics, Big Data, Software","San Francisco, California, United States",Streamsets delivers performance management software for data flows.,"1,520","$32,500,000"
Twistlock,https://www.crunchbase.com/organization/twistlock,"Cloud Security, Enterprise Software, Information Technology, Security","San Francisco, California, United States",Twistlock is cloud native cybersecurity for the modern enterprise.,"1,528","$30,060,000"
InfluxData,https://www.crunchbase.com/organization/influxdb,"Analytics, Data Visualization, Internet, Internet of Things","San Francisco, California, United States","InfluxData develops the TICK stack, the first open source platform for managing IoT time-series data at scale.","1,537","$24,892,000"
CoreOS,https://www.crunchbase.com/organization/coreos,"Cloud Computing, Linux, Security, Software, Web Hosting","San Francisco, California, United States",CoreOS builds industry-leading infrastructure software to securely run application containers anywhere.,"1,547","$50,000,000"
Joyent,https://www.crunchbase.com/organization/joyent,"Apps, Automotive, Cloud Computing, Enterprise Software, Infrastructure, Open Source, Private Cloud, Software, Web Hosting","San Francisco, California, United States",Joyent is a cloud infrastructure and big data analytics company offering a solution that powers real-time web and mobile applications.,"1,644","$130,999,998"
Portworx,https://www.crunchbase.com/organization/portworx,"Data Center, Infrastructure, Software","Los Altos, California, United States",Portworx is the solution for stateful containers running in production.,"1,736","$28,500,000"
Platform9 Systems,https://www.crunchbase.com/organization/platform9-systems-inc,"Cloud Computing, Enterprise Software, IT Infrastructure","Sunnyvale, California, United States",Platform9 is the open source-as-a-service company making cloud infrastructure easy.,"1,803","$36,500,000"
Logz.io,https://www.crunchbase.com/organization/logz-io,"Analytics, Big Data, Enterprise Software","Tel Aviv, Tel Aviv, Israel","Logz.io is an enterprise-grade ELK as a service with alerts, unlimited scalability, and predictive fault detection.","1,815","$46,900,000"
JFrog,https://www.crunchbase.com/organization/jfrog-ltd,"Developer Tools, Enterprise Software, Web Development","Sunnyvale, California, United States",JFrog provides software developers with a binary repository management solution.,"1,819","$61,500,000"
Cockroach Labs,https://www.crunchbase.com/organization/cockroach-labs,"Database, Enterprise Software, Open Source","New York, New York, United States",Cockroach Labs provides world class open source infrastructure solutions.,"1,846","$53,500,000"
Serverless,https://www.crunchbase.com/organization/serverless,"Consumer Applications, Online Portals, Open Source","San Francisco, California, United States",Serverless offers developers an open source framework powered by AWS Lambda and AWS API Gateway.,"1,999","$3,000,000"
CloudBees,https://www.crunchbase.com/organization/cloudbees,"Cloud Computing, Enterprise Software, Software","San Jose, California, United States","CloudBees offers the CloudBees Jenkins Platform, an enterprise-grade continuous delivery platform powered by Jenkins.","2,025","$51,200,000"
Buoyant,https://www.crunchbase.com/organization/buoyant,"Enterprise Software, Infrastructure","San Francisco, California, United States",Industrial-strength operability for cloud-native applications,"2,086","$13,999,990"
Qubole,https://www.crunchbase.com/organization/qubole,"Analytics, Big Data, Enterprise Software","Santa Clara, California, United States","Qubole delivers a Self-Service Platform for Big Data Analytics built on Amazon, Microsoft, Google and Oracle Clouds.","2,153","$75,000,000"
MemSQL,https://www.crunchbase.com/organization/memsql,"Analytics, Big Data, Database, Enterprise Software, Software","San Francisco, California, United States",A real-time data warehouse you can run everywhere,"2,231","$78,100,000"
LightStep,https://www.crunchbase.com/organization/lightstep,"Internet, Software, Software Engineering","San Francisco, California, United States",LightStep's mission is to cut through the scale and complexity of today's software to help organizations stay in control of their systems.,"2,238","$27,500,000"
Avi Networks,https://www.crunchbase.com/organization/avi-networks-inc,"Analytics, Cloud Data Services, Cloud Infrastructure","Santa Clara, California, United States","Avi Networks is a Silicon Valley startup with proven track record in building virtualization, networking and software solutions.","2,258","$33,000,000"
XebiaLabs,https://www.crunchbase.com/organization/xebialabs,"Developer Tools, Enterprise Software, Software","Boston, Massachusetts, United States",Leading provider of automation for DevOps and Continuous Delivery,"2,287","$21,500,000"
Loom Systems,https://www.crunchbase.com/organization/loom-systems,"Analytics, Artificial Intelligence, Big Data, Business Intelligence, Information Technology, IT Management, Machine Learning, Predictive Analytics","San Francisco, California, United States",Predict & Prevent Problems in the Digital Business,"2,298","$6,000,000"
Dynatrace,https://www.crunchbase.com/organization/dynatrace-software,"Enterprise Software, Information Technology, Web Hosting","Waltham, Massachusetts, United States","Dynatrace transform how Web and non-Web business-critical applications are monitored, managed, and optimized throughout their lifecycle.","2,583","$21,900,000"
Attic Labs,https://www.crunchbase.com/organization/attic-labs,"Collaboration, Data Storage, Open Source, Software","San Francisco, California, United States","Attic Labs is working on a new approach to data storage, synchronization, and collaboration.","2,626","$8,100,000"
Catchpoint ,https://www.crunchbase.com/organization/catchpoint-systems,"Analytics, Big Data, Information Technology, Internet, Software","New York, New York, United States",Catchpoint is a leading digital experience intelligence company ,"2,781","$49,765,055"
GitLab Inc,https://www.crunchbase.com/organization/gitlab-com,"Information Technology, Open Source, Software","San Francisco, California, United States",GitLab is a web-based open source Git repository manager with wiki and issue tracking features.,"2,791","$45,620,000"
Wavefront,https://www.crunchbase.com/organization/wavefront,"Analytics, Big Data, Cloud Computing, Cloud Management, Computer, Data Visualization, Software","Palo Alto, California, United States","Wavefront is a hosted platform for ingesting, storing, visualizing and alerting on time series data.","2,820","$65,500,000"
Puppet,https://www.crunchbase.com/organization/puppet-labs,"Application Performance Management, Information Services, Information Technology, Infrastructure, Software","Portland, Oregon, United States",Puppet is an information technology automation software company designed for system administrators.,"2,994","$107,500,000"
Aporeto,https://www.crunchbase.com/organization/aporeto,"Cyber Security, Government, Security","San Jose, California, United States",Cloud Native Security for Containers and Microservices,"3,069","$14,500,000"
Chef,https://www.crunchbase.com/organization/chef,"Cloud Computing, Information Technology, Infrastructure, Software","Seattle, Washington, United States",Chef is an automation platform that transforms infrastructure into code.,"3,174","$105,000,000"
Aqua Security,https://www.crunchbase.com/organization/aquasecurity,"Cloud Security, Cyber Security, Security, Software, Virtualization","Ramat Gan, Tel Aviv, Israel",Aqua Security enables enterprises to secure their virtual container environments from development to production.,"3,253","$38,000,000"
Datera,https://www.crunchbase.com/organization/datera-2,"Cloud Computing, Data Center, Real Time, Software","Mountain View, California, United States",Datera is an application-driven data infrastructure company.,"3,350","$40,000,000"
Sysdig,https://www.crunchbase.com/organization/sysdig,"Cloud Computing, Internet, Open Source, Software","San Francisco, California, United States","The container intelligence company - a unified platform to secure, monitor, and troubleshoot your containerized environment","3,414","$53,000,000"
SnapRoute Inc.,https://www.crunchbase.com/organization/snaproute,"Data Center, Developer APIs, Enterprise, Open Source, Software, Telecommunications","Palo Alto, California, United States",SnapRoute is an open networking stack company.,"3,427","$25,000,000"
Black Duck Software,https://www.crunchbase.com/organization/black-duck-software,"Cyber Security, Open Source, Software","Burlington, Massachusetts, United States","Black Duck secures & manages open source software worldwide, eliminating open source security vulnerabilities & license compliance pain.","3,431","$75,500,000"
BigchainDB,https://www.crunchbase.com/organization/bigchaindb,"Big Data, Bitcoin, Database, Internet, Open Source","Berlin, Berlin, Germany",BigchainDB is a scalable blockchain database,"3,491","$5,370,000"
"NGINX, Inc.",https://www.crunchbase.com/organization/nginx,"Enterprise Software, Infrastructure, IT Infrastructure","San Francisco, California, United States",NGINX offers advanced internet infrastructure software to help companies match the demand for faster web experiences.,"3,518","$41,000,000"
SignalFx,https://www.crunchbase.com/organization/signalfuse,"Apps, Information Technology, Software","San Mateo, California, United States",Advanced monitoring platform for modern applications,"3,533","$28,500,000"
Sonatype,https://www.crunchbase.com/organization/sonatype,"Open Source, Security, Software","Fulton, Maryland, United States","Get precise intelligence about open source components and accelerate software innovation, quality and security.","3,732","$74,707,328"
PubNub,https://www.crunchbase.com/organization/pubnub,"Apps, Cloud Computing, Developer APIs, Internet of Things, Mobile, Real Time, Software, Web Development","San Francisco, California, United States",The PubNub Data Stream Network enables mobile and web developers to build and scale realtime apps.,"3,781","$46,100,000"
Diamanti,https://www.crunchbase.com/organization/diamanti,"Data Center, Infrastructure, Software","San Jose, California, United States",Diamanti is a datacenter infrastructure company founded to solve network and storage challenges in Linux containerized environments.,"4,006","$43,000,000"
Hedvig,https://www.crunchbase.com/organization/hedvig,"Cloud Infrastructure, Computer, Data Storage, Software","Santa Clara, California, United States",Modern storage for the modern business.,"4,019","$52,000,000"
Mashape API Marketplace,https://www.crunchbase.com/organization/mashape,"Cloud Computing, Cloud Data Services, Developer APIs, Enterprise Software","San Francisco, California, United States",Mashape is a provider of application programming interfaces for companies.,"4,031","$26,101,000"
Lightbend,https://www.crunchbase.com/organization/typesafe,"Cloud Computing, Enterprise Applications, Enterprise Software","San Francisco, California, United States",Lightbend (formerly Typesafe) is dedicated to helping developers build Reactive applications on the JVM.,"4,446","$52,000,000"
ScyllaDB,https://www.crunchbase.com/organization/scylladb,"Enterprise Software, Information Services, Information Technology","Herzliya, Tel Aviv, Israel",ScyllaDB produces a NoSQL database compatible with Apache Cassandra at 10x the throughput and jaw dropping low latency.,"4,602","$23,000,000"
Sentry,https://www.crunchbase.com/organization/sentry,"Analytics, Apps, Developer Tools, Real Time, Web Apps","San Francisco, California, United States","Sentry is a real-time crash reporting tool for web, mobile, and games.","4,725","$10,500,000"
"Minio, Inc.",https://www.crunchbase.com/organization/minio-inc,"Cloud Storage, Data Center, Internet, Open Source, Software","Palo Alto, California, United States",Minio is an open source object storage server.,"4,812","$23,300,000"
StackRox,https://www.crunchbase.com/organization/stackrox,"Cloud Computing, Enterprise Software, Security","Mountain View, California, United States",StackRox delivers the industry's only adaptive threat protection for containers.,"4,843","$14,000,000"
Springpath Inc,https://www.crunchbase.com/organization/springpath-inc,"Data Center, Enterprise Software, Information Technology, Software, Virtualization","Sunnyvale, California, United States",Springpath is hyperconvergence software that turns standard servers of choice into a single pool of compute and storage resources.,"4,907","$34,000,000"
Atomist,https://www.crunchbase.com/organization/atomist,"Software, Web Development","San Francisco, California, United States","Atomist make microservice applications Easy and fun to build, through a cloud-based service.","4,974","$22,000,000"
Rancher Labs,https://www.crunchbase.com/organization/rancher-labs,"Cloud Computing, Information Technology, Software","Cupertino, California, United States",Rancher Labs is a newly-formed startup developing the next generation of cloud software.,"5,015","$30,000,000"
Robin Systems,https://www.crunchbase.com/organization/robin-systems,"Data Center, Enterprise Software, Information Technology","San Jose, California, United States",Data-Centric Compute and Storage Containerization Infrastructure Software,"5,051","$21,700,000"
Apprenda,https://www.crunchbase.com/organization/apprenda,"Cloud Computing, Enterprise Software, PaaS, SaaS","Troy, New York, United States",Apprenda is the leading enterprise Platform as a Service.,"5,107","$56,000,000"
Shippable,https://www.crunchbase.com/organization/shippable,"Developer Tools, PaaS, SaaS, Software","Seattle, Washington, United States",Shippable helps companies ship code faster by giving them a powerful continuous integration platform built natively on Docker.,"5,216","$10,050,000"
Firebase,https://www.crunchbase.com/organization/firebase,"Cloud Infrastructure, Developer APIs, Developer Tools, Enterprise Software, Mobile Apps, Real Time","San Francisco, California, United States","Firebase is Google's mobile platform. Build and grow your iOS, Android, or Web app with Firebase.","5,337","$7,000,000"
Weaveworks,https://www.crunchbase.com/organization/weaveworks,"Cloud Computing, Data Center, Developer Platform, Enterprise Software, Open Source","London, England, United Kingdom",Weaveworks provides a simple and consistent way to connect and manage containers and microservices,"5,353","$20,000,000"
"Aviatrix Systems, Inc.",https://www.crunchbase.com/organization/aviatrix,"Enterprise Software, Information Technology","Palo Alto, California, United States",The company develops software that enables enterprises to build hybrid clouds by easily,"5,359","$25,000,000"
Codeship,https://www.crunchbase.com/organization/codeship,"B2B, Cloud Computing, Developer Tools, IaaS, SaaS, Software, Test and Measurement, Web Development","Boston, Massachusetts, United States",Bringing Continuous Deployment to everyone The - Codeship runs your hosted tests and automated deployments.,"5,416","$11,400,000"
VMware,https://www.crunchbase.com/organization/vmware,"Cloud Infrastructure, Cloud Management, Enterprise Software","Palo Alto, California, United States",VMware is a software company providing cloud and virtualization services.,"5,559","$393,500,000"
NeuVector,https://www.crunchbase.com/organization/neuvector,"Computer, Network Security","Milpitas, California, United States",NeuVector delivers a layer 7 application and network container firewall and security solution,"5,791","$7,000,000"
IBM,https://www.crunchbase.com/organization/ibm,"Collaboration, Consulting, CRM, Enterprise Software, Information Services, Information Technology","Armonk, New York, United States","IBM is an IT technology and consulting firm providing computer hardware, software, and infrastructure and hosting services.","6,083",
Codefresh,https://www.crunchbase.com/organization/code-fresh,"Apps, Web Development","Mountain View, California, United States",Codefresh is a continuous delivery and collaboration platform for containers and microservices.,"6,200","$7,000,000"
Remind,https://www.crunchbase.com/organization/remind,"Collaboration, Education, Messaging, Mobile","San Francisco, California, United States",Remind is a communication platform that helps every student succeed.,"6,237","$59,500,000"
Iron.io,https://www.crunchbase.com/organization/iron-io,"Cloud Computing, Enterprise Software, Infrastructure","San Francisco, California, United States",Iron.io is a scalable cloud-based message queue and processing platform for building distributed cloud applications.,"6,349","$17,000,000"
Crate.io Inc.,https://www.crunchbase.com/organization/crate-technology,"Analytics, Big Data, Cloud Computing","San Francisco, California, United States",Crate.io creates an open source SQL database with integrated search for storing and analyzing IoT and machine data in real time.,"6,812","€6,000,000"
Packet Host,https://www.crunchbase.com/organization/packet-host,"Cloud Infrastructure, Developer Platform, Information Services, Information Technology, Web Hosting","New York, New York, United States","Packet is a bare metal cloud built for developers. 8 minute deploys, no hypervisor, & full automation support from 15 global data centers.","6,813","$11,567,845"
Heroku,https://www.crunchbase.com/organization/heroku,"Enterprise Software, Venture Capital, Web Development","San Francisco, California, United States","Heroku is a multi-language cloud application platform that enables developers to deploy, scale, and manage their applications.","6,912","$13,020,000"
Rocana,https://www.crunchbase.com/organization/rocana,"Big Data, Business Intelligence, Information Technology","San Francisco, California, United States","Rocana is a San Francisco, CA-based provider of root cause analysis software company","7,128","$19,400,000"
Wercker,https://www.crunchbase.com/organization/wercker,"Cloud Computing, Enterprise Software, SaaS, Software","Amsterdam, Noord-Holland, The Netherlands","Wercker is a platform and tool to rapidly develop, build, and deploy containerized applications and microservices for the modern cloud.","8,016","$7,900,000"
Pusher,https://www.crunchbase.com/organization/pusher,"Cloud Computing, Enterprise Software, Real Time","London, England, United Kingdom","Pusher is a cloud-based tech platform enabling developers to create collaborative tools, multiplayer games, chat and real-time dashboards.","8,452","$3,500,000"
Midokura,https://www.crunchbase.com/organization/midokura,"Cloud Computing, Cloud Management, Network Security, Open Source, Software, Virtualization","Tokyo, Tokyo, Japan",Midokura is a cloud networking technology platform.,"8,611","$38,647,418"
Apcera,https://www.crunchbase.com/organization/apcera,"Cloud Computing, Cloud Infrastructure, Cloud Security, Enterprise Software, Software","San Francisco, California, United States",The Apcera cloud platform helps enterprises innovate at speed with full confidence and trust.,"8,984","$7,200,000"
OpsClarity Inc.,https://www.crunchbase.com/organization/opsclarity,"Big Data, Cloud Infrastructure, Information Technology","Sunnyvale, California, United States",Intelligent Monitoring for Modern Applications and Data Infrastructure,"9,080","$21,230,740"
PLUMgrid,https://www.crunchbase.com/organization/plumgrid,"Enterprise Software, Infrastructure, Web Hosting","Santa Clara, California, United States",PLUMgrid is involved in virtual networking and SDN/NFV to deliver cloud infrastructure solutions that transform businesses.,"9,236","$48,006,848"
Intel,https://www.crunchbase.com/organization/intel,"Hardware, Manufacturing, Product Design, Semiconductor","Santa Clara, California, United States","Intel designs, manufactures, and sells integrated digital technology platforms worldwide.","9,708","$2,510,000"
Platform.sh,https://www.crunchbase.com/organization/commerce-guys,"Cloud Management, E-Commerce, Internet, Open Source, PaaS, Software","Paris, Ile-de-France, France","Platform.sh is an automated, continuous-deployment high-availability cloud hosting solution","9,885","$13,300,000"
PingCAP,https://www.crunchbase.com/organization/pingcap,"Big Data, Database, Open Source, Software","Beijing, Beijing, China","PingCAP is the team behind TiDB, an open source distributed Hybrid Transactional/Analytical Processing (HTAP) database.","10,304","$21,600,000"
Amazon Web Services,https://www.crunchbase.com/organization/amazon-web-services,"Information Services, Information Technology, Software, Web Development","Seattle, Washington, United States",Amazon Web Services provides information technology infrastructure services to businesses in the form of web services.,"10,522",
Containership,https://www.crunchbase.com/organization/containership,"Cloud Computing, Cloud Infrastructure, Cloud Management, Data Center Automation, Developer Platform, Web Hosting","Pittsburgh, Pennsylvania, United States",Containership is a Kubernetes based enterprise Containers-as-a-Service platform with support for 12 cloud providers,"10,730","$2,606,729"
Ansible,https://www.crunchbase.com/organization/ansible,"Cloud Computing, Enterprise Applications, Enterprise Software, Software","Santa Barbara, California, United States",Ansible is an automation engine that makes systems and applications simple to deploy.,"11,426","$6,000,000"
RethinkDB,https://www.crunchbase.com/organization/rethinkdb,"Database, Enterprise Software, Open Source, Real Time","Mountain View, California, United States",RethinkDB is an open-source distributed NoSQL database storing JSON documents and scaling data for applications.,"11,464","$12,200,000"
StorageOS,https://www.crunchbase.com/organization/storageos,"Cloud Computing, Data Storage, Database, Enterprise Software, Software","London, England, United Kingdom",Persistent storage for containers and the cloud,"12,176","$2,000,000"
SaltStack,https://www.crunchbase.com/organization/saltstack,"Apps, Automotive, Cloud Management, Enterprise Software, Infrastructure, Open Source","Lehi, Utah, United States",SaltStack intelligent orchestration software helps enterprise IT ops & DevOps teams configure & manage the software-defined datacenter.,"12,330","$685,000"
"Anchore, Inc.",https://www.crunchbase.com/organization/anchore-inc,"Computer, Enterprise Software, Information Technology, SaaS","Santa Barbara, California, United States","Discover, analyze, and certify containers on your own terms.","13,085","$7,000,000"
Graylog,https://www.crunchbase.com/organization/graylog,"Analytics, Enterprise Software, Open Source, Software","Houston, Texas, United States","Graylog is a fully integrated platform for collecting, indexing, and analyzing.","13,210","$4,400,000"
Librato,https://www.crunchbase.com/organization/librato,"Cloud Computing, SaaS, Software","San Francisco, California, United States",Real time operations analytics for metrics from any source,"13,322","$5,050,000"
Stackdriver,https://www.crunchbase.com/organization/stackdriver,"Apps, Cloud Computing, Enterprise Software, Infrastructure","Boston, Massachusetts, United States",Stackdriver provides monitoring services for cloud-powered applications.,"13,387","$15,000,000"
Giant Swarm,https://www.crunchbase.com/organization/giant-swarm,"Cloud Computing, Information Technology","Cologne, Nordrhein-Westfalen, Germany",Managed Kubernetes Anywhere,"13,626","$3,325,000"
3scale,https://www.crunchbase.com/organization/3scale,"Developer APIs, Enterprise Software, Infrastructure, Software","San Francisco, California, United States","3scale’s API management platform empowers API providers to easily package, distribute, manage and monetize APIs.","14,135","$5,000,000"
Cloud 66,https://www.crunchbase.com/organization/cloudblocks,"IaaS, PaaS, SaaS, Software","London, England, United Kingdom","Ops tools for Devs. Build, manage and maintain applications on any cloud","14,602","$2,240,385"
Fujitsu,https://www.crunchbase.com/organization/fujitsu,"Cloud Computing, Cloud Infrastructure, Enterprise Software, IT Infrastructure","North Sydney, New South Wales, Australia",Fujitsu provides information technology and communications solutions.,"14,952",
Netsil,https://www.crunchbase.com/organization/netsil,Software,"San Francisco, California, United States",Observability and Monitoring for Modern Cloud Applications,"15,129","$150,000"
Opbeat,https://www.crunchbase.com/organization/opbeat,Software,"San Francisco, California, United States",APM for JavaScript,"15,146","$2,800,000"
Distelli,https://www.crunchbase.com/organization/distelli-inc,"Cloud Computing, Cloud Infrastructure, Developer Tools, Enterprise Software, SaaS","Seattle, Washington, United States",True Continuous Delivery from Source Control to Servers.,"15,410","$2,875,000"
CoScale,https://www.crunchbase.com/organization/co-scale,"Enterprise Software, Information Services, Information Technology","Gent, Oost-Vlaanderen, Belgium",Full stack performance monitoring. Built for container and microservices applications. Powered by anomaly detection.,"15,425","€3,000,000"
Pachyderm,https://www.crunchbase.com/organization/pachyderm,"Analytics, Big Data, Developer APIs, Infrastructure","San Francisco, California, United States",Pachyderm is an open source analytics engine that uses Docker containers for distributed computations.,"15,676","$2,120,000"
CloudCoreo,https://www.crunchbase.com/organization/cloudcoreo,"Cloud Computing, Cloud Infrastructure, Cloud Management, Cloud Security, Information Technology","Seattle, Washington, United States",CloudCoreo is building a next generation cloud management platform.,"15,699","$2,900,000"
Server Density,https://www.crunchbase.com/organization/server-density,"Enterprise Software, IaaS, SaaS","London, England, United Kingdom",Server Density is a SaaS product that helps users manage and monitor their infrastructure.,"17,075","$2,094,514"
Ubuntu,https://www.crunchbase.com/organization/ubuntu,"Operating Systems, Software","London, England, United Kingdom","Ubuntu is a Debian-based open source Linux operating system for PC, tablet, phone, and cloud platforms.","17,784","$12,900,000"
Outlyer,https://www.crunchbase.com/organization/outlyer,"Enterprise Software, Information Technology, IT Infrastructure, SaaS","San Francisco, California, United States",Infrastructure monitoring platform made for DevOps and microservices.,"17,903","$5,480,000"
Dell EMC,https://www.crunchbase.com/organization/dell-emc,"Big Data, Cloud Infrastructure, Data Center, Information Technology","Hopkinton, Massachusetts, United States",Dell EMC enables digital transformation with trusted solutions for the modern data center.,"17,932",
SENSU,https://www.crunchbase.com/organization/sensu,"Affiliate Marketing, Cloud Data Services, E-Commerce, Social Media","Tokyo, Tokyo, Japan",Managing Creative Obsessions,"18,567","$2,530,000"
Infinit,https://www.crunchbase.com/organization/infinit,"Data Storage, Infrastructure","Paris, Ile-de-France, France",Infinit International Inc. is a venture backed company specializing in storage technologies.,"19,911","$2,240,000"
CFEngine,https://www.crunchbase.com/organization/cfengine,"Computer, IT Infrastructure, Software","Palo Alto, California, United States","CFEngine is a pioneer in IT Automation. It radically simplifies and automates how companies build, consume infrastructure and devices","20,034","$13,000,000"
NetApp,https://www.crunchbase.com/organization/netapp,"Cloud Computing, Data Storage, Information Technology","Sunnyvale, California, United States",NetApp offers storage and data management solutions that enable customers to accelerate business innovations and achieve cost efficiencies.,"20,092",
Datawire,https://www.crunchbase.com/organization/datawire,"Cloud Infrastructure, IT Infrastructure, Open Source","Cambridge, Massachusetts, United States",An early stage startup that's focused on making it easy for developers to build resilient microservices.,"20,948","$250,000"
Gluster,https://www.crunchbase.com/organization/gluster,"Enterprise Software, Open Source, Service Industry","Sunnyvale, California, United States","Gluster is an open source, distributed file system that is capable of scaling to several petabytes and handling many clients.","22,800","$12,500,000"
Containous,https://www.crunchbase.com/organization/containous,"Data Center, Infrastructure, Software","Lyon, Rhone-Alpes, France",Containous creates open-source infrastructure software for the modern datacenter. Containous is the company behind Traefik.,"23,352","€1,000,000"
F5 Networks,https://www.crunchbase.com/organization/f5-networks,"Consumer Electronics, Meeting Software, Security, Virtualization","Seattle, Washington, United States",F5 Networks provides application delivery networking technology that optimizes the delivery of network-based applications.,"24,409",
Gravitational,https://www.crunchbase.com/organization/gravitational,"Privacy, SaaS","San Francisco, California, United States",Gravitational deploys and runs your SaaS on private clouds.,"25,046","$120,000"
Flynn,https://www.crunchbase.com/organization/flynn,"A/B Testing, Information Technology, Software","Newark, Delaware, United States",The product that ops provides to developers.,"25,194","$1,405,000"
Google Cloud Platform,https://www.crunchbase.com/organization/google-cloud-platform,"Cloud Computing, Cloud Data Services, Developer Platform","San Francisco, California, United States",Google Cloud Platform is a tool suite for app developers.,"25,410",
Oracle Corporation,https://www.crunchbase.com/organization/oracle,"Collaboration, Computer, Enterprise Software, Information Technology","Redwood Shores, California, United States",Oracle is a computer technology corporation developing and marketing computer hardware systems and enterprise software products.,"25,519",
Octopus Deploy,https://www.crunchbase.com/organization/octopus-deploy,"Developer Platform, Management Information Systems, Software","Australia, Oceania",Octopus Deploy is a user-friendly release management,"27,221","$2,000,000"
Convox,https://www.crunchbase.com/organization/convox,"Internet, Software","San Francisco, California, United States",Launch a Private Cloud in Minutes.,"27,760","$120,000"
magnetic.io,https://www.crunchbase.com/organization/magnetic-io,"Cloud Infrastructure, Developer Tools, E-Commerce, Internet, IT Infrastructure, Mobile, PaaS, SaaS, Test and Measurement","Amsterdam, Noord-Holland, The Netherlands",The Canary test & release platform for containers,"33,078","€635,000"
ManageIQ,https://www.crunchbase.com/organization/manageiq,"Cloud Management, Software","Mahwah, New Jersey, United States","ManageIQ is a commercial open-source software firm enabling organizations to deploy, manage and optimize private, public and hybrid clouds.","35,264","$5,400,000"
Drone.io,https://www.crunchbase.com/organization/drone-io,"Cloud Computing, Software, Test and Measurement","San Francisco, California, United States",Drone.io is a hosted Continuous Integration and Deployment service.,"38,858","$28,000"
Kubernetes,https://www.crunchbase.com/organization/kubernetes,"Business Information Systems, Business Intelligence, Cloud Computing, Cloud Data Services","San Francisco, California, United States","Kubernetes is an open-source system for automating deployment, scaling, and management of containerized applications.","40,598",
Canonical,https://www.crunchbase.com/organization/canonical-ltd,"Cloud Computing, Internet of Things, Linux, Open Source","London, England, United Kingdom",Canonical is a computer software company that markets commercial support and related services for Ubuntu and related projects.,"42,700",
Alibaba Cloud,https://www.crunchbase.com/organization/alibaba-cloud,"Cloud Data Services, Cloud Management, Data Center","Hangzhou, Zhejiang, China",Alibaba Cloud develops highly scalable cloud computing and data management services.,"46,252",
Bitnami,https://www.crunchbase.com/organization/bitnami,"Blogging Platforms, Cloud Computing, Content, Open Source, Software, Web Hosting","San Francisco, California, United States","Loved by Devs, Trusted by Ops. Easy to use cloud images, containers, and VMs that work on any platform","46,946",
Cloud Foundry,https://www.crunchbase.com/organization/cloud-foundry,"Cloud Data Services, Communities, Information Technology, Open Source, PaaS, Software","San Mateo, California, United States","Cloud Foundry is a self-service, public cloud deployment platform enabling developers to build, test, deploy, and scale applications.","56,547",
Travis CI,https://www.crunchbase.com/organization/travis-ci,"Enterprise Software, Information Technology, Web Apps","Berlin, Berlin, Germany",Hosted Continuous Integration Platform,"59,288",
OpenStack,https://www.crunchbase.com/organization/openstack,"Cloud Computing, Enterprise Software, Open Source","Austin, Texas, United States",OpenStack is the most widely used open source software for building public and private clouds.,"60,056",
Suse,https://www.crunchbase.com/organization/suse,"Enterprise Software, Linux, Software","Nürnberg, Bayern, Germany","SUSE is an open-source software provider that delivers Linux and cloud products, which gives enterprises the control and flexibility.","60,556",
Microsoft Azure Certified,https://www.crunchbase.com/organization/microsoft-azure-certified,"Analytics, Cloud Data Services, Mobile Devices",,"Microsoft Azure Certified offers cloud services in analytics, computing, databases, mobile devices, networking, and web and storage.","60,948",
Vertica Systems,https://www.crunchbase.com/organization/vertica-systems,"Analytics, Enterprise Software, Real Time","Billerica, Massachusetts, United States",Vertica Systems develops data management solutions for storing databases and allowing clients to conduct real-time and ad hoc queries.,"62,626","$30,500,000"
Kasten,https://www.crunchbase.com/organization/kasten,"Cloud Storage, Infrastructure, Software","Los Altos, California, United States",Kasten,"63,257",
Cloud Native Computing Foundation (CNCF),https://www.crunchbase.com/organization/cloud-native-computing-foundation,"Cloud Computing, Cloud Infrastructure, Non Profit, Open Source","San Francisco, California, United States",CNCF is an open source software foundation that hosts and nurtures projects like Kubernetes and Prometheus.,"63,493",
quay.io,https://www.crunchbase.com/organization/quay-io,Software,"New York, New York, United States",Quay.io is a private hosted docker registry.,"63,761",
Grafana Labs,https://www.crunchbase.com/organization/raintank,"Analytics, Infrastructure, Open Source","New York, New York, United States",the defacto standard for visualizing time series data.,"64,875",
Bitbucket,https://www.crunchbase.com/organization/bitbucket,"Enterprise Software, Software Engineering, Web Development","San Francisco, California, United States","Bitbucket is a Git and Mercurial code management and collaboration platform used by professional teams to build, test and deploy software.","66,102",
MySQL,https://www.crunchbase.com/organization/mysql,"Enterprise Software, Lighting, Open Source","Cupertino, California, United States",MySQL is an open-source database that supports scalable web-based and embedded database applications.,"66,460","$40,800,000"
"Circonus, Inc.",https://www.crunchbase.com/organization/circonus,"SaaS, Software","Fulton, Maryland, United States",Realtime Monitoring and Analytics,"67,064",
Cloudify,https://www.crunchbase.com/organization/cloudify,"Cloud Computing, Consulting, Consumer Electronics","New York, New York, United States",Cloudify assists organizations in integrating cloud computing into their business strategies and managing infrastructure environments.,"68,185",
Nirmata,https://www.crunchbase.com/organization/nirmata,"Cloud Computing, Enterprise Software, PaaS, Software","San Jose, California, United States","Nirmata is a cloud based, Microservices operations and management platform.","68,487",
Covalent IO,https://www.crunchbase.com/organization/covalent-io,,,"Covalent builds Cilium, an HTTP-aware network security layer for microservices platforms.","69,525",
Kontena,https://www.crunchbase.com/organization/kontena,"Cloud Infrastructure, Information Technology","New York, New York, United States","Kontena provides the most easy-to-use, fully integrated solution for DevOps to deploy, run, monitor & operate containers on the cloud.","71,573",
Nuage Networks,https://www.crunchbase.com/organization/nuage-networks,"Information Technology, Telecommunications, Training","California, Kentucky, United States",Nuage Networks Fundamentals: Software Defined Networking for the Datacenter and Beyond.,"72,838",
StackState,https://www.crunchbase.com/organization/stackstate,Information Technology,"Utrecht, Utrecht, The Netherlands",The market-leading Algorithmic IT Operations platform,"72,893",
Hadoop,https://www.crunchbase.com/organization/hadoop,"Open Source, Software",,Hadoop is open-source software framework that facilitates the distributed storage of data across clusters of computers.,"73,009",
Scytale.io,https://www.crunchbase.com/organization/scytale-io,Developer Platform,"San Francisco, California, United States","Scytale.io help engineers securely and easily build identity-drive, large-scale distributed software using technologies like SPIFFE.io.","73,404",
Nagios,https://www.crunchbase.com/organization/nagios,Information Technology,"Saint Paul, Minnesota, United States","Nagios Enterprises offers monitoring and alerting solutions for servers, switches, applications, and services.","74,911",
Solano Labs,https://www.crunchbase.com/organization/solano-labs,"Cloud Computing, Cloud Infrastructure, Developer Tools, Enterprise Software, Innovation Management, SaaS, Software, Web Development","San Francisco, California, United States",Continuous Integration & Deployment,"76,617",
Scaleway,https://www.crunchbase.com/organization/scaleway,"Cloud Computing, IaaS, Software, Web Hosting","Paris, Ile-de-France, France",Scaleway is the world's first Cloud Computing IaaS platform,"77,003",
OpenShift,https://www.crunchbase.com/organization/openshift,"Apps, Developer Platform, Software","Raleigh, North Carolina, United States",OpenShift is an open hybrid cloud application platform by Red Hat.,"78,339",
Galactic Fog,https://www.crunchbase.com/organization/galactic-fog,Information Technology,"South Orange, New Jersey, United States",Build Future-Proof Applications. Simplify integration. Run applications anywhere. Adapt to changes instantly.,"79,022",
Rabbit Technologies,https://www.crunchbase.com/organization/rabbit-technologies,"Cloud Computing, Internet, Messaging, Open Source, Software","London, England, United Kingdom",Rabbit Technologies offers RabbitMQ which is open source message broker software implementing the advanced message queuing protocol (AMQP).,"79,723",
SemaphoreCI,https://www.crunchbase.com/organization/semaphore,"SaaS, Software","Novi Sad, Vojvodina, Serbia",Hosted continuous integration and deployment service,"82,436",
Apache Software Foundation,https://www.crunchbase.com/organization/apache,"Non Profit, Software","Forest Hill, Maryland, United States","Apache Software Foundation (501C3) provides organizational, legal and financial support for Apache open-source software projects.","84,483",
Hyper_,https://www.crunchbase.com/organization/hyper-4,"Cloud Computing, Cloud Data Services, Cloud Security","New York, New York, United States",Hyper_ is a secure container cloud service.,"85,330",
Helm Solutions,https://www.crunchbase.com/organization/helm-solutions,"Cyber Security, Information Technology, Legal","New York, New York, United States",A global cyber security and technology firm that provides legal and compliance solutions to government and the Enterprise.,"85,350",
Sematext,https://www.crunchbase.com/organization/sematext,"Analytics, Big Data, Consulting, Enterprise Software, Search Engine","Brooklyn, New York, United States",Sematext is a Search and Big Data analytics products and services company.,"86,097",
Exoscale,https://www.crunchbase.com/organization/exoscale,"Cloud Computing, IaaS, SaaS","Lausanne, Vaud, Switzerland","The best cloud hosting platform for SaaS companies, developers and systems administrators","86,749",
HAProxy Technologies,https://www.crunchbase.com/organization/haproxy-technologies,,"Waltham, Massachusetts, United States","HAProxy offers a full line of load balancers to improve Perf, guarantee QoS and ensure the availability of critical business applications.","86,853",
Zabbix,https://www.crunchbase.com/organization/zabbix,Software,"Riga, Riga, Latvia","ZABBIX SIA is based in Riga, Latvia.","87,664",
Honeybadger,https://www.crunchbase.com/organization/honeybadger,"Software, Web Development","Kirkland, Washington, United States","Exception, uptime, and performance monit","89,318",
Buildkite,https://www.crunchbase.com/organization/buildkite,Software,,Buildkite creates the best automation and collaboration tools for building and shipping software.,"90,213",
Turbine Labs,https://www.crunchbase.com/organization/turbine-labs-2,,,Turbine Labs,"94,227",
Kublr,https://www.crunchbase.com/organization/kublr,,"Washington, District of Columbia, United States",Production-ready cluster and application platform that speeds and simplifies the set-up and management of your K8S cluster.,"94,312",
Rundeck,https://www.crunchbase.com/organization/rundeck,"Database, Open Source, Software",,Job Scheduler and Runbook Automation,,
Jenkins CI,https://www.crunchbase.com/organization/jenkins-ci,"Open Source, Software","San Francisco, California, United States",Jenkins CI is an open-source continuous integration server that supports various configurations.,,
Openebs,https://www.crunchbase.com/organization/openebs,Apps,"Bengaluru, Karnataka, India",OpenEBS is a scalable storage platform for spinning out containerized block storage volumes for use by container applications.,,
PostgreSql,https://www.crunchbase.com/organization/postgresql,Information Technology,,PostgreSQL is an object-relational database management system with an emphasis on extensibility and standards-compliance.,,
Bluemeric,https://www.crunchbase.com/organization/bluemeric,"Consulting, Developer Tools, PaaS","Seattle, Washington, United States",Bluemeric Inc offers microservices PaaS platform and offers DevOps consulting & services to automate cloud deployments.,,
Appveyor Systems Inc.,https://www.crunchbase.com/organization/appveyor-systems-inc,,,Appveyor Systems Inc. aim is to give powerful continuous integration and deployment tools to every .NET developer.,,
Infrakit,https://www.crunchbase.com/organization/infrakit,"Construction, Enterprise Software, Infrastructure","Helsinki, Southern Finland, Finland",Infrakit is a practical solution on how to best utilize BIM in road and rail projects.,,
Supergiant,https://www.crunchbase.com/organization/supergiant,Software,,"Supergiant is the first datacenter total control system that makes it easy to manage stateful, distributed app containers.",,
Icinga,https://www.crunchbase.com/organization/icinga,,,Icinga is a monitoring software project that began as a fork of Nagios.,,
Centreon,https://www.crunchbase.com/organization/centreon,IT Management,"Paris, Ile-de-France, France",An industry reference for open source monitoring,,
"Meros, Inc.",https://www.crunchbase.com/organization/meros-inc,"Enterprise Software, Software","Clearwater, Florida, United States",Meros is creating enterprise monitoring and management tools for Docker,,
Webtask,https://www.crunchbase.com/organization/webtask,"Developer Tools, Information Technology, Security",,"Webtasks is a simple, lightweight, and secure way of running isolated backend code that removed or reduces the need for a backend.",,
Ceph Storage,https://www.crunchbase.com/organization/ceph-storage,"Enterprise Software, Flash Storage, Service Industry","Los Angeles, California, United States","Ceph is the future of storage, created and delivered by a global community of storage engineers and researchers.",,
OpenFaaS Ltd,https://www.crunchbase.com/organization/openfaas,"Enterprise Software, Internet, Internet of Things, Software Engineering","Peterborough, Peterborough, United Kingdom","OpenFaaS provides a platform for building serverless functions with containers, anywhere (in cloud, on Edge or IoT devices, on-prem DCs)",,
Scalingo,https://www.crunchbase.com/organization/scalingo,"Apps, Developer Platform, Information Technology","Strasbourg, Alsace, France","Scalingo a Docker Platform Service Transform your code as Docker container & run it on our cloud, making it instantly available & scalable. ",,
The Open API Initiative,https://www.crunchbase.com/organization/the-open-api-initiative,Developer APIs,"San Francisco, California, United States",Created by a consortium of forward-looking industry experts who recognize the immense value of standardizing on how REST APIs are described.,,
OpenContrail,https://www.crunchbase.com/organization/opencontrail,,"Sunnyvale, California, United States",OpenContrail is a community-led open source project committed to innovation in SDN and Network Virtualization.,,
Navops,https://www.crunchbase.com/organization/navops,,"Hoffman Estates, Illinois, United States","Navops Launch, Command, and Control your container-ready enterprise within minutes.",,
OpenSDS,https://www.crunchbase.com/organization/opensds,,,OpenSDS is an open source project established to address integration challenges for Storage Defined Storage (SDS) vendors.,,
Foreman,https://www.crunchbase.com/organization/foreman,,,Foreman is an open source lifecycle management tool for physical and virtual servers.,,
Project Atomic,https://www.crunchbase.com/organization/project-atomic,Communities,"Raleigh, North Carolina, United States",Project Atomic is a container-optimized operating system that integrates the tools and patterns of container-based application and more.,,
Glider Labs,https://www.crunchbase.com/organization/glider-labs,Cloud Computing,"Austin, Texas, United States",Help you build container-first cloud infrastructure and delivery pipelines.,,
Open vSwitch,https://www.crunchbase.com/organization/open-vswitch,Developer Tools,,Open vSwitch is a multilayer virtual switch licensed under the open source Apache 2.0 license.,,
Apache Mesos,https://www.crunchbase.com/organization/apache-mesos,,,Program against your datacenter like it’s a single pool of resources.,,
